B5200,Snow White,255,255,255
Blanc,White,252,252,252
Ecru,Ecru,240,229,208
3865,Winter White,245,240,232
3866,Mocha Brown Ultra Vy Lt,239,227,213
310,Black,0,0,0
3371,Black Brown,31,19,16
938,Coffee Brown Ultra Dk,63,36,24
898,Coffee Brown Vy Dk,92,54,36
801,Coffee Brown Dk,112,68,48
433,Brown Med,126,74,34
434,Brown Lt,150,90,42
435,Brown Vy Lt,176,112,61
436,Tan,198,143,78
437,Tan Lt,215,173,122
738,Tan Vy Lt,226,197,160
739,Tan Ultra Vy Lt,239,217,182
3046,Yellow Beige Med,201,172,120
3047,Yellow Beige Lt,222,203,166
712,Cream,242,229,208
822,Beige Gray Lt,232,220,194
644,Beige Gray Med,200,183,150
642,Beige Gray Dk,168,153,119
3022,Brown Gray Med,153,140,118
3023,Brown Gray Lt,183,171,148
3024,Brown Gray Vy Lt,214,207,193
646,Beaver Gray Dk,115,110,104
647,Beaver Gray Med,150,144,137
648,Beaver Gray Lt,181,176,168
3787,Brown Gray Dk,92,78,60
3032,Mocha Brown Med,163,140,104
3033,Mocha Brown Vy Lt,216,200,168
611,Drab Brown Dk,139,111,64
612,Drab Brown Lt,177,147,98
613,Drab Brown Vy Lt,212,187,138
840,Beige Brown Med,160,124,88
841,Beige Brown Lt,188,156,118
842,Beige Brown Vy Lt,213,188,154
3776,Mahogany Lt,183,87,45
400,Mahogany Dk,131,74,31
301,Mahogany Med,165,86,48
3826,Golden Brown,165,92,42
3827,Golden Brown Pale,226,176,101
780,Topaz Ultra Vy Dk,122,74,24
781,Topaz Vy Dk,142,92,32
782,Topaz Med,162,104,48
783,Topaz,187,128,56
3829,Old Gold Vy Dk,160,120,32
680,Old Gold Dk,181,135,42
729,Old Gold Med,201,165,92
422,Hazel Nut Brown Lt,194,160,106
3828,Hazel Nut Brown,168,136,88
676,Old Gold Lt,222,192,128
677,Old Gold Vy Lt,235,216,168
746,Off White,245,235,194
3823,Yellow Ultra Pale,251,239,192
3822,Straw Lt,235,208,128
3821,Straw,221,185,85
3820,Straw Dk,201,155,48
834,Olive Gold Vy Lt,216,184,112
833,Olive Gold Lt,188,154,79
832,Olive Gold,159,128,48
831,Olive Gold Med,138,110,30
830,Olive Gold Dk,112,89,16
829,Olive Gold Vy Dk,92,72,8
3819,Moss Green Lt,210,208,96
581,Moss Green,165,178,56
580,Moss Green Dk,134,150,43
907,Parrot Green Lt,168,198,54
906,Parrot Green Med,132,177,37
905,Parrot Green Dk,110,150,27
904,Parrot Green Vy Dk,87,116,16
470,Avocado Green Lt,160,178,80
471,Avocado Green Vy Lt,186,198,118
472,Avocado Green Ultra Lt,210,216,152
469,Avocado Green,122,142,58
937,Avocado Green Med,92,112,40
936,Avocado Green Vy Dk,68,84,24
934,Black Avocado Green,42,48,16
3346,Hunter Green,90,128,48
3347,Yellow Green Med,116,160,64
3348,Yellow Green Lt,188,213,144
704,Chartreuse Br,162,201,64
703,Chartreuse,148,184,56
702,Kelly Green,70,164,53
701,Green Lt,60,142,44
700,Green Br,37,128,32
699,Green,26,110,24
909,Emerald Green Vy Dk,27,110,69
910,Emerald Green Dk,34,134,90
911,Emerald Green Med,50,158,114
912,Emerald Green Lt,82,184,136
913,Nile Green Med,128,203,160
955,Nile Green Lt,176,219,188
954,Nile Green,148,210,168
562,Jade Med,58,144,112
563,Jade Lt,124,194,160
564,Jade Vy Lt,168,218,184
561,Jade Vy Dk,44,112,88
3818,Emerald Green Ultra Vy Dk,21,90,56
319,Pistachio Green Vy Dk,51,84,58
367,Pistachio Green Dk,67,104,72
368,Pistachio Green Lt,160,191,162
369,Pistachio Green Vy Lt,201,217,192
320,Pistachio Green Med,122,155,122
522,Fern Green,156,168,136
523,Fern Green Lt,176,188,159
524,Fern Green Vy Lt,196,204,176
3052,Green Gray Med,140,154,120
3053,Green Gray,168,180,154
3013,Khaki Green Lt,181,176,128
3012,Khaki Green Med,154,148,96
3011,Khaki Green Dk,122,116,72
502,Blue Green,122,162,140
503,Blue Green Med,162,191,168
504,Blue Green Vy Lt,204,220,200
501,Blue Green Dk,90,136,112
500,Blue Green Vy Dk,46,80,64
3768,Gray Green Dk,94,124,122
927,Gray Green Lt,176,192,186
928,Gray Green Vy Lt,207,216,210
3811,Turquoise Vy Lt,181,221,216
598,Turquoise Lt,155,210,208
597,Turquoise,95,186,190
3810,Turquoise Dk,58,144,152
3809,Turquoise Vy Dk,40,112,120
3808,Turquoise Ultra Vy Dk,26,86,96
959,Sea Green Med,125,206,192
958,Sea Green Dk,52,178,153
3812,Sea Green Vy Dk,26,144,111
964,Sea Green Lt,168,220,204
3766,Peacock Blue Lt,93,168,184
807,Peacock Blue,58,143,160
806,Peacock Blue Dk,44,116,132
3765,Peacock Blue Vy Dk,31,90,106
3760,Wedgewood Med,58,138,168
518,Wedgewood Lt,92,156,184
519,Sky Blue,144,184,200
3325,Baby Blue Lt,181,210,224
3755,Baby Blue,144,181,216
334,Baby Blue Med,95,134,181
322,Baby Blue Dk,69,106,149
312,Navy Blue Lt,47,72,112
311,Navy Blue Med,35,54,90
336,Navy Blue,27,43,77
823,Navy Blue Dk,15,26,56
939,Navy Blue Vy Dk,10,20,40
3750,Antique Blue Vy Dk,39,73,92
3752,Antique Blue Vy Lt,166,180,188
3753,Antique Blue Ultra Vy Lt,197,205,210
932,Antique Blue Lt,132,155,168
931,Antique Blue Med,92,117,133
930,Antique Blue Dk,58,81,96
3756,Baby Blue Ultra Vy Lt,224,232,240
775,Baby Blue Vy Lt,212,226,238
3841,Pale Baby Blue,187,212,229
3839,Lavender Blue Med,123,142,192
3838,Lavender Blue Dk,90,107,160
793,Cornflower Blue Med,113,134,181
794,Cornflower Blue Lt,156,175,208
792,Cornflower Blue Dk,81,107,154
791,Cornflower Blue Vy Dk,61,83,128
3746,Blue Violet Dk,80,70,160
340,Blue Violet Med,154,149,200
341,Blue Violet Lt,181,181,216
3747,Blue Violet Vy Lt,204,206,224
3743,Antique Violet Vy Lt,200,184,197
3042,Antique Violet Lt,168,154,171
3041,Antique Violet Med,140,122,149
3740,Antique Violet Dk,112,92,122
327,Violet Dk,80,58,138
550,Violet Vy Dk,92,37,128
552,Violet Med,130,74,160
553,Violet,165,111,184
554,Violet Lt,196,161,204
3837,Lavender Ultra Dk,110,69,138
3836,Grape Lt,160,132,176
3835,Grape Med,122,90,142
3834,Grape Dk,92,63,112
718,Plum,157,42,120
917,Plum Med,142,32,112
915,Plum Dk,119,24,88
3805,Cyclamen Pink,216,72,140
3806,Cyclamen Pink Lt,226,124,168
3804,Cyclamen Pink Dk,190,50,117
600,Cranberry Vy Dk,168,46,98
601,Cranberry Dk,184,60,112
602,Cranberry Med,199,88,136
603,Cranberry,228,128,168
604,Cranberry Lt,239,168,192
605,Cranberry Vy Lt,245,194,213
3713,Salmon Vy Lt,251,216,208
761,Salmon Lt,245,191,184
760,Salmon,232,152,144
3712,Salmon Med,216,112,112
3328,Salmon Dk,194,86,86
347,Salmon Vy Dk,163,58,60
3777,Terra Cotta Vy Dk,142,53,40
3830,Terra Cotta,184,84,58
356,Terra Cotta Med,198,106,80
758,Terra Cotta Vy Lt,226,168,147
3779,Terra Cotta Ultra Vy Lt,239,194,176
754,Peach Lt,240,205,176
948,Peach Vy Lt,245,221,200
353,Peach,250,181,160
352,Coral Lt,240,133,107
351,Coral,226,104,82
350,Coral Med,210,78,58
349,Coral Dk,184,57,42
817,Coral Red Vy Dk,168,36,32
816,Garnet,151,28,36
815,Garnet Med,130,20,30
814,Garnet Dk,110,14,24
321,Red,201,44,44
304,Christmas Red Med,184,38,38
498,Christmas Red Dk,162,30,32
666,Christmas Red Br,230,50,50
3801,Christmas Red Lt,228,80,80
776,Pink Med,245,192,203
899,Rose Med,238,133,160
335,Rose,221,89,128
309,Rose Dk,197,59,98
326,Rose Vy Dk,168,40,80
3350,Dusty Rose Ultra Vy Dk,162,42,77
3731,Dusty Rose Vy Dk,192,64,98
3733,Dusty Rose,216,120,144
3354,Dusty Rose Lt,239,176,188
962,Dusty Rose Med,224,112,138
963,Dusty Rose Ultra Vy Lt,250,208,213
819,Baby Pink Lt,248,221,221
818,Baby Pink,250,206,201
951,Tawny Vy Lt,242,215,181
3856,Mahogany Ultra Vy Lt,240,194,138
722,Orange Spice Lt,240,141,82
721,Orange Spice Med,226,111,45
720,Orange Spice Dk,196,84,24
3853,Autumn Gold Dk,228,143,42
3854,Autumn Gold Med,239,176,90
3855,Autumn Gold Lt,244,199,131
742,Tangerine Lt,255,200,98
741,Tangerine Med,255,168,56
740,Tangerine,255,136,0
970,Pumpkin Lt,247,120,32
971,Pumpkin,244,104,16
972,Canary Deep,255,203,24
973,Canary Br,255,225,44
307,Lemon,251,229,76
445,Lemon Lt,252,233,128
3078,Golden Yellow Vy Lt,250,238,170
727,Topaz Vy Lt,250,234,160
726,Topaz Lt,252,214,86
725,Topaz Med Lt,242,196,74
3852,Straw Vy Dk,212,155,44
3799,Pewter Gray Vy Dk,63,68,72
413,Pewter Gray Dk,90,94,98
414,Steel Gray Dk,122,124,128
415,Pearl Gray,184,186,190
762,Pearl Gray Vy Lt,224,225,228
452,Shell Gray Med,168,158,150
453,Shell Gray Lt,197,190,181
451,Shell Gray Dk,134,126,118
844,Beaver Gray Ultra Dk,58,56,51
535,Ash Gray Vy Lt,102,105,102
3072,Beaver Gray Vy Lt,216,215,208
169,Pewter Lt,156,156,156
168,Pewter Vy Lt,192,192,194
3770,Tawny Vy Lt,240,222,194
3771,Terra Cotta Ultra Vy Lt,232,180,154
3772,Cocoa Lt,159,110,84
3773,Rosewood Med,165,120,96
3774,Rosewood Lt,217,184,160
3863,Mocha Beige Med,160,133,106
3864,Mocha Beige Lt,200,180,154
