PN01,White,245,245,242
PN02,Black,24,24,26
PN03,Grey,140,142,146
PN04,Light Grey,196,198,200
PN05,Red,206,30,38
PN06,Dark Red,128,20,32
PN07,Orange,240,112,26
PN08,Yellow,250,212,30
PN09,Light Yellow,252,236,140
PN10,Lime,150,204,40
PN11,Green,30,150,60
PN12,Dark Green,20,90,45
PN13,Mint,150,220,190
PN14,Turquoise,20,180,190
PN15,Light Blue,120,180,230
PN16,Blue,30,90,200
PN17,Navy,24,36,90
PN18,Lavender,180,150,220
PN19,Purple,110,50,160
PN20,Pink,245,150,190
PN21,Hot Pink,230,40,130
PN22,Peach,250,190,150
PN23,Brown,110,60,30
PN24,Tan,200,160,110
PN25,Neon Pink,255,60,170
PN26,Neon Orange,255,120,20
PN27,Neon Yellow,230,255,40
PN28,Neon Green,60,255,70
PN29,Neon Blue,40,140,255
PN30,Neon Purple,170,60,255
PN31,Glow White,235,240,215
PN32,Transparent Clear,215,220,222
