SB01,Opaque White,244,243,238
SB02,Chalk White,232,228,218
SB03,Cream,236,222,190
SB04,Beige,214,192,154
SB05,Light Grey,190,192,194
SB06,Grey,128,130,134
SB07,Dark Grey,72,74,78
SB08,Black,20,20,22
SB09,Light Yellow,248,232,140
SB10,Yellow,244,200,28
SB11,Mustard,204,154,30
SB12,Light Orange,246,170,90
SB13,Orange,232,108,30
SB14,Coral,236,110,96
SB15,Red,196,28,36
SB16,Cherry,150,18,38
SB17,Burgundy,100,20,36
SB18,Light Pink,246,196,208
SB19,Pink,236,130,168
SB20,Fuchsia,206,40,120
SB21,Lilac,196,170,214
SB22,Lavender,150,120,196
SB23,Purple,100,48,140
SB24,Plum,76,30,76
SB25,Light Blue,166,204,234
SB26,Sky Blue,90,164,220
SB27,Blue,36,92,180
SB28,Cobalt,28,56,140
SB29,Navy,24,32,76
SB30,Light Turquoise,150,214,210
SB31,Turquoise,32,164,168
SB32,Teal,20,104,110
SB33,Mint,170,220,180
SB34,Light Green,140,196,90
SB35,Green,40,140,60
SB36,Emerald,16,110,70
SB37,Olive,110,114,40
SB38,Dark Green,24,72,40
SB39,Sand,200,170,120
SB40,Light Brown,164,110,64
SB41,Brown,110,66,36
SB42,Dark Brown,64,38,24
SB43,Skin Light,240,204,176
SB44,Skin Medium,208,150,110
SB45,Skin Dark,130,84,56
SB46,Silver,170,172,176
SB47,Gold,196,160,70
SB48,Bronze,130,90,50
